id,source,author,timestamp,text,metadata.language,metadata.likes,metadata.rating,metadata.url,clean_text,predicted_topic,predicted_sentiment,summary,predicted_at
c2a09749-a196-4372-acd2-a1202c0ee35f,reddit,IndieVegasReport,2025-09-09T15:53:29+00:00,"""As the mayor of Las Vegas, I'm telling everybody in Canada please come. We love you, we need you, and we miss you."" Las Vegas Mayor Shelley Berkley speaking on the downturn of tourism.
",en,30588.0,,https://www.reddit.com/r/LasVegas/comments/1ncmobu/as_the_mayor_of_las_vegas_im_telling_everybody_in/,,,,,
4a3f842d-5d6f-4e5d-a768-a8f5c3046dd8,reddit,IndieVegasReport,2025-09-09T15:53:29+00:00,"""As the mayor of Las Vegas, I'm telling everybody in Canada please come. We love you, we need you, and we miss you."" Las Vegas Mayor Shelley Berkley speaking on the downturn of tourism.
",en,30583.0,,https://www.reddit.com/r/LasVegas/comments/1ncmobu/as_the_mayor_of_las_vegas_im_telling_everybody_in/,,,,,
669ce173-4161-42ea-a1d0-3816a70eb391,reddit,gandkakeeda,2025-09-21T05:48:37+00:00,"Washing machine me 10k dho daale
Chud gye guru",en,1044.0,,https://www.reddit.com/r/indiasocial/comments/1nmjzw0/washing_machine_me_10k_dho_daale/#lightbox,,,,,
dca68bea-b8da-4a22-96b7-12a78f1a83b1,manual,user,2025-09-21T11:55:58.008526+00:00,"Space, also known as the observable universe, is approximately 93 billion light-years across. The actual size of the entire universe is unknown and may be infinite, as the universe expands and regions beyond our ability to see due to the finite speed of light are forever out of view.  ",en,,,,,,,,
8125939a-c350-4bc3-a918-653fcd19b054,reddit,MuttonJunkie,2025-09-21T06:41:10+00:00,"Festivals are coming, so let me again remind you all….
",en,1692.0,,https://www.reddit.com/r/indiameme/comments/1nmkv0q/festivals_are_coming_so_let_me_again_remind_you/#lightbox,,,,,
c086065c-b9b9-421b-b80d-bef4e9dc9857,manual,user,2025-09-21T12:09:59.655512+00:00,"Graphics (from Ancient Greek γραφικός (graphikós) 'pertaining to drawing, painting, writing, etc.') are visual images or designs on some surface, such as a wall, canvas, screen, paper, or stone, to inform, illustrate, or entertain. In contemporary usage, it includes a pictorial representation of data, as in design and manufacture, in typesetting and the graphic arts, and in educational and recreational software. Images that are generated by a computer are called computer graphics",en,,,,,,,,
8566672c-6d86-4189-8bd1-fbd6783bc528,reddit,Altruistic-Issue-887,2025-09-21T05:06:30+00:00,"Mahindra Thar’s blindfolded overtaking attempt gone wrong, Head-on collision with a mini tempo truck - Kerala📍
",en,557.0,,https://www.reddit.com/r/Kerala/comments/1nmjaqk/mahindra_thars_blindfolded_overtaking_attempt/,,,,,
4a26c479-c2ce-460a-8daa-39ab27e09570,manual,user,2025-10-01T09:59:55.726256+00:00,"Space, also known as outer space, is the vast and seemingly infinite region that exists beyond the Earth's atmosphere. It is a place where there is no air to breathe, no atmosphere to scatter light, and extreme temperatures that can range from scorching heat to freezing cold. Despite these harsh conditions, space has always fascinated humans, inspiring countless scientific discoveries, space missions, and explorations. From the twinkling stars to distant galaxies, space holds mysteries that continue to captivate astronomers and space enthusiasts alike.",en,,,,,,,,
31670c27-5892-4620-8dbc-ce343fa582b3,manual,user,2025-10-01T10:07:53.433886+00:00,"Space, also known as outer space, is the vast and seemingly infinite region that exists beyond the Earth's atmosphere. It is a place where there is no air to breathe, no atmosphere to scatter light, and extreme temperatures that can range from scorching heat to freezing cold. Despite these harsh conditions, space has always fascinated humans, inspiring countless scientific discoveries, space missions, and explorations. From the twinkling stars to distant galaxies, space holds mysteries that continue to captivate astronomers and space enthusiasts alike.",,,,,space also known outer space vast seemingly infinite region exists beyond earth atmosphere place air breathe atmosphere scatter light extreme temperature range scorching heat freezing cold despite harsh condition space always fascinated human inspiring countless scientific discovery space mission exploration twinkling star distant galaxy space hold mystery continue captivate astronomer space enthusiast alike,9,negative,"Space, also known as outer space, is the vast and seemingly infinite region that exists beyond the Earth's atmosphere. It is a place where there is no air to breathe, no atmosphere to scatter light, and extreme temperatures that can range from scorching heat to freezing cold. From the twinkling stars to distant galaxies, space holds mysteries that continue to captivate astronomers and space enthusiasts alike.",2025-10-01T10:07:56.756691+00:00
be63f85c-d29b-42fb-ad4d-3b3fb84f4a00,manual,user,2025-10-01T10:08:26.871587+00:00,"Space, also known as outer space, is the vast and seemingly infinite region that exists beyond the Earth's atmosphere. It is a place where there is no air to breathe, no atmosphere to scatter light, and extreme temperatures that can range from scorching heat to freezing cold. Despite these harsh conditions, space has always fascinated humans, inspiring countless scientific discoveries, space missions, and explorations. From the twinkling stars to distant galaxies, space holds mysteries that continue to captivate astronomers and space enthusiasts alike.",,,,,space also known outer space vast seemingly infinite region exists beyond earth atmosphere place air breathe atmosphere scatter light extreme temperature range scorching heat freezing cold despite harsh condition space always fascinated human inspiring countless scientific discovery space mission exploration twinkling star distant galaxy space hold mystery continue captivate astronomer space enthusiast alike,9,,"Space, also known as outer space, is the vast and seemingly infinite region that exists beyond the Earth's atmosphere. It is a place where there is no air to breathe, no atmosphere to scatter light, and extreme temperatures that can range from scorching heat to freezing cold. From the twinkling stars to distant galaxies, space holds mysteries that continue to captivate astronomers and space enthusiasts alike.",2025-10-01T10:08:26.878732+00:00
81e955d4-df9b-4a1f-8cc9-7d52b46175ab,manual,user,2025-10-01T10:08:43.775764+00:00,"Space, also known as outer space, is the vast and seemingly infinite region that exists beyond the Earth's atmosphere. It is a place where there is no air to breathe, no atmosphere to scatter light, and extreme temperatures that can range from scorching heat to freezing cold. Despite these harsh conditions, space has always fascinated humans, inspiring countless scientific discoveries, space missions, and explorations. From the twinkling stars to distant galaxies, space holds mysteries that continue to captivate astronomers and space enthusiasts alike.",,,,,space also known outer space vast seemingly infinite region exists beyond earth atmosphere place air breathe atmosphere scatter light extreme temperature range scorching heat freezing cold despite harsh condition space always fascinated human inspiring countless scientific discovery space mission exploration twinkling star distant galaxy space hold mystery continue captivate astronomer space enthusiast alike,10,,"Space, also known as outer space, is the vast and seemingly infinite region that exists beyond the Earth's atmosphere. It is a place where there is no air to breathe, no atmosphere to scatter light, and extreme temperatures that can range from scorching heat to freezing cold. From the twinkling stars to distant galaxies, space holds mysteries that continue to captivate astronomers and space enthusiasts alike.",2025-10-01T10:08:43.788113+00:00
535dd5e0-0bfa-43c2-a695-b9c8e850f719,manual,user,2025-10-01T10:13:19.535443+00:00,"Space, also known as outer space, is the vast and seemingly infinite region that exists beyond the Earth's atmosphere. It is a place where there is no air to breathe, no atmosphere to scatter light, and extreme temperatures that can range from scorching heat to freezing cold. Despite these harsh conditions, space has always fascinated humans, inspiring countless scientific discoveries, space missions, and explorations. From the twinkling stars to distant galaxies, space holds mysteries that continue to captivate astronomers and space enthusiasts alike.",,,,,space also known outer space vast seemingly infinite region exists beyond earth atmosphere place air breathe atmosphere scatter light extreme temperature range scorching heat freezing cold despite harsh condition space always fascinated human inspiring countless scientific discovery space mission exploration twinkling star distant galaxy space hold mystery continue captivate astronomer space enthusiast alike,,negative,"Space, also known as outer space, is the vast and seemingly infinite region that exists beyond the Earth's atmosphere. It is a place where there is no air to breathe, no atmosphere to scatter light, and extreme temperatures that can range from scorching heat to freezing cold. From the twinkling stars to distant galaxies, space holds mysteries that continue to captivate astronomers and space enthusiasts alike.",2025-10-01T10:13:19.538954+00:00
4f0603f9-1998-4d8f-8326-a621ee3b2a4d,manual,user,2025-10-01T10:22:03.391487+00:00,"Space, also known as outer space, is the vast and seemingly infinite region that exists beyond the Earth's atmosphere. It is a place where there is no air to breathe, no atmosphere to scatter light, and extreme temperatures that can range from scorching heat to freezing cold. Despite these harsh conditions, space has always fascinated humans, inspiring countless scientific discoveries, space missions, and explorations. From the twinkling stars to distant galaxies, space holds mysteries that continue to captivate astronomers and space enthusiasts alike.",,,,,space also known outer space vast seemingly infinite region exists beyond earth atmosphere place air breathe atmosphere scatter light extreme temperature range scorching heat freezing cold despite harsh condition space always fascinated human inspiring countless scientific discovery space mission exploration twinkling star distant galaxy space hold mystery continue captivate astronomer space enthusiast alike,10,,"Space, also known as outer space, is the vast and seemingly infinite region that exists beyond the Earth's atmosphere. It is a place where there is no air to breathe, no atmosphere to scatter light, and extreme temperatures that can range from scorching heat to freezing cold. From the twinkling stars to distant galaxies, space holds mysteries that continue to captivate astronomers and space enthusiasts alike.",2025-10-01T10:22:03.397336+00:00
1eba8302-2e56-4ce5-b456-a48d412c61a8,manual,user,2025-10-01T10:22:17.241254+00:00,"Space, also known as outer space, is the vast and seemingly infinite region that exists beyond the Earth's atmosphere. It is a place where there is no air to breathe, no atmosphere to scatter light, and extreme temperatures that can range from scorching heat to freezing cold. Despite these harsh conditions, space has always fascinated humans, inspiring countless scientific discoveries, space missions, and explorations. From the twinkling stars to distant galaxies, space holds mysteries that continue to captivate astronomers and space enthusiasts alike.",,,,,space also known outer space vast seemingly infinite region exists beyond earth atmosphere place air breathe atmosphere scatter light extreme temperature range scorching heat freezing cold despite harsh condition space always fascinated human inspiring countless scientific discovery space mission exploration twinkling star distant galaxy space hold mystery continue captivate astronomer space enthusiast alike,9,,"Space, also known as outer space, is the vast and seemingly infinite region that exists beyond the Earth's atmosphere. It is a place where there is no air to breathe, no atmosphere to scatter light, and extreme temperatures that can range from scorching heat to freezing cold. From the twinkling stars to distant galaxies, space holds mysteries that continue to captivate astronomers and space enthusiasts alike.",2025-10-01T10:22:17.251843+00:00
fb061b21-0066-49fc-b177-ab28ce32e4f8,manual,user,2025-10-01T14:41:32.155073+00:00,"I’ve been using this moisturizer for two weeks, and my skin feels softer and more hydrated. It absorbs quickly without leaving a greasy layer, which is great for everyday use. The fragrance is mild and pleasant. The only drawback is the price—it’s slightly on the higher side. Still, it’s worth it for the results",,,,,using moisturizer two week skin feel softer hydrated absorbs quickly without leaving greasy layer great everyday use fragrance mild pleasant drawback slightly higher side still worth result,,negative,"The fragrance is mild and pleasant. The only drawback is the price—it’s slightly on the higher side. Still, it’s worth it for the results",2025-10-01T14:41:32.167511+00:00
3da9dc37-f683-43b2-99d3-5fe33348d064,manual,user,2025-10-01T16:25:00.703810+00:00,"I’ve been using this moisturizer for two weeks, and my skin feels softer and more hydrated. It absorbs quickly without leaving a greasy layer, which is great for everyday use. The fragrance is mild and pleasant. The only drawback is the price—it’s slightly on the higher side. Still, it’s worth it for the results",,,,,using moisturizer two week skin feel softer hydrated absorbs quickly without leaving greasy layer great everyday use fragrance mild pleasant drawback slightly higher side still worth result,,positive,"The fragrance is mild and pleasant. The only drawback is the price—it’s slightly on the higher side. Still, it’s worth it for the results",2025-10-01T16:25:07.746485+00:00
faf05e83-aa8a-41f3-afce-f3b126b3c4f3,manual,user,2025-10-01T16:25:26.120340+00:00,"I’ve been using this moisturizer for two weeks, and my skin feels softer and more hydrated. It absorbs quickly without leaving a greasy layer, which is great for everyday use. The fragrance is mild and pleasant. The only drawback is the price—it’s slightly on the higher side. Still, it’s worth it for the results",,,,,using moisturizer two week skin feel softer hydrated absorbs quickly without leaving greasy layer great everyday use fragrance mild pleasant drawback slightly higher side still worth result,,misc.forsale,"The fragrance is mild and pleasant. The only drawback is the price—it’s slightly on the higher side. Still, it’s worth it for the results",2025-10-01T16:25:26.127009+00:00
72269217-3ad6-499c-89a7-4ca8a31e4e44,manual,user,2025-10-01T16:25:44.384519+00:00,"I’ve been using this moisturizer for two weeks, and my skin feels softer and more hydrated. It absorbs quickly without leaving a greasy layer, which is great for everyday use. The fragrance is mild and pleasant. The only drawback is the price—it’s slightly on the higher side. Still, it’s worth it for the results",,,,,using moisturizer two week skin feel softer hydrated absorbs quickly without leaving greasy layer great everyday use fragrance mild pleasant drawback slightly higher side still worth result,16,,"The fragrance is mild and pleasant. The only drawback is the price—it’s slightly on the higher side. Still, it’s worth it for the results",2025-10-01T16:25:44.415434+00:00
c1522a04-7cb1-475b-a1d1-be74aa466e5a,manual,user,2025-10-01T16:25:57.952758+00:00,"I’ve been using this moisturizer for two weeks, and my skin feels softer and more hydrated. It absorbs quickly without leaving a greasy layer, which is great for everyday use. The fragrance is mild and pleasant. The only drawback is the price—it’s slightly on the higher side. Still, it’s worth it for the results",,,,,using moisturizer two week skin feel softer hydrated absorbs quickly without leaving greasy layer great everyday use fragrance mild pleasant drawback slightly higher side still worth result,17,,"The fragrance is mild and pleasant. The only drawback is the price—it’s slightly on the higher side. Still, it’s worth it for the results",2025-10-01T16:25:57.979286+00:00
4841ffa6-6cbe-4391-b2ea-068aa3938305,manual,user,2025-10-01T16:33:39.781924+00:00,"I’ve been using this moisturizer for two weeks, and my skin feels softer and more hydrated. It absorbs quickly without leaving a greasy layer, which is great for everyday use. The fragrance is mild and pleasant. The only drawback is the price—it’s slightly on the higher side. Still, it’s worth it for the results",,,,,using moisturizer two week skin feel softer hydrated absorbs quickly without leaving greasy layer great everyday use fragrance mild pleasant drawback slightly higher side still worth result,16,,"The fragrance is mild and pleasant. The only drawback is the price—it’s slightly on the higher side. Still, it’s worth it for the results",2025-10-01T16:33:47.487910+00:00
2b3ced00-67d7-48e1-bbb1-38bb8277c0bf,manual,user,2025-10-01T17:08:59.969013+00:00,"I’ve been using this moisturizer for two weeks, and my skin feels softer and more hydrated. It absorbs quickly without leaving a greasy layer, which is great for everyday use. The fragrance is mild and pleasant. The only drawback is the price—it’s slightly on the higher side. Still, it’s worth it for the results",,,,,using moisturizer two week skin feel softer hydrated absorbs quickly without leaving greasy layer great everyday use fragrance mild pleasant drawback slightly higher side still worth result,,positive,"The fragrance is mild and pleasant. The only drawback is the price—it’s slightly on the higher side. Still, it’s worth it for the results",2025-10-01T17:09:07.087340+00:00
b2e6c15c-767e-4eb9-ac3f-082ef2df99c1,manual,user,2025-10-01T17:09:48.903034+00:00,"I’ve been using this moisturizer for two weeks, and my skin feels softer and more hydrated. It absorbs quickly without leaving a greasy layer, which is great for everyday use. The fragrance is mild and pleasant. The only drawback is the price—it’s slightly on the higher side. Still, it’s worth it for the results",,,,,using moisturizer two week skin feel softer hydrated absorbs quickly without leaving greasy layer great everyday use fragrance mild pleasant drawback slightly higher side still worth result,,positive,"The fragrance is mild and pleasant. The only drawback is the price—it’s slightly on the higher side. Still, it’s worth it for the results",2025-10-01T17:09:48.940664+00:00
9780993b-6f00-4b48-ab18-38e4d3d63139,manual,user,2025-10-01T17:10:13.314248+00:00,"I’ve been using this moisturizer for two weeks, and my skin feels softer and more hydrated. It absorbs quickly without leaving a greasy layer, which is great for everyday use. The fragrance is mild and pleasant. The only drawback is the price—it’s slightly on the higher side. Still, it’s worth it for the results",,,,,using moisturizer two week skin feel softer hydrated absorbs quickly without leaving greasy layer great everyday use fragrance mild pleasant drawback slightly higher side still worth result,16,,"The fragrance is mild and pleasant. The only drawback is the price—it’s slightly on the higher side. Still, it’s worth it for the results",2025-10-01T17:10:13.320903+00:00
